Region,total_profit
Central,39706.36249999998
East,91522.77999999998
South,46749.43029999999
West,108418.44889999997
